{
  "cv": {
    "roc_auc": 0.7131402718587558,
    "accuracy": 0.6524937550841032
  },
  "test": {
    "final_auc": 0.7260231002272154,
    "final_accuracy": 0.6624795879914583
  },
  "best_params": {
    "classifier": "RandomForest",
    "rf_n_estimators": 400,
    "rf_max_depth": 30
  }
}